tiktoker name,tiktok name,followers,views(avg.),likes(avg.),comments(avg.),shares(avg.)
ekin.721,momoâ€™s,221.7k,26m,2.8m,29.4k,116.4k
dojacat,doja cat,22.2m,25.4m,5m,36.7k,46.8k
kiet.ac.quy,kiá»‡t áº¯k wá»·,2.1m,20.7m,3.5m,38.8k,33.9k
charlidamelio,charli dâ€™amelio,135.4m,18.7m,2.6m,54.7k,35.2k
luvadepedreiro,iran ferreira (lai),11.4m,24.8m,2.6m,32.7k,26.8k
badbunny,bad bunny,16.1m,17.6m,4m,28k,26.2k
khaby.lame,khabane lame,135.2m,17.7m,2.3m,18k,11.2k
leomahalo,leo mahalo,6.8m,19m,2.2m,11.8k,14.4k
swagboygorringe,daniel gorringe,5.6m,9.9m,1.8m,25.3k,35.9k
jennmelon,jenn melon,2m,11m,2.3m,15.1k,24.5k
jounggustav,joung gustav,1.9m,16.4m,2.2m,9.9k,13.4k
txt.bighitent,tomorrow x together,16.2m,7.7m,1.8m,33.2k,12.2k
pongamoslo_a_prueba,pongÃ¡moslo a prueba,30.4m,16m,2.5m,6.3k,7.3k
bdylanhollis,b. dylan hollis,7.6m,8.6m,1.6m,11.5k,20k
lyczak,ðŸ‘‘Å‚yczuuðŸ‘‘,1.5m,11.8m,1.4m,16.1k,8.6k
juandamc,juanda.,17.1m,7.5m,1.7m,9.1k,19.5k
lifeinanimati0n,a <3,745.2k,6.2m,1.1m,8.8k,40.2k
zlusha,zlusha,2m,7.2m,1.1m,12.9k,29.5k
amauryguichon,amaury guichon,5.4m,11m,1.6m,5.8k,13.3k
eupereiraoficial,eu pereira,4.6m,12.2m,1.2m,5.7k,11.5k
druskitv,druski,3.2m,6.4m,1.2m,7.7k,25.9k
adrianbliss,adrian bliss,5.2m,7.7m,1.5m,5.4k,16k
kimberly.loaiza,kimberly loaiza,61m,9.9m,1.3m,14.1k,4.5k
deborahyowa,deborah yowa,10.3m,12.6m,688.7k,17k,9.1k
nekoglai,Ð½Ð¸ÐºÐ¾Ð»Ð°Ð¹,9.4m,8.5m,982.3k,22.5k,4.4k
domelipa,dominik,50.7m,7.9m,1.2m,17.3k,6.2k
diego.cr_,diego rodrÃ­guez,238.1k,9.1m,845k,9.1k,19.5k
addisonre,addison rae,87.3m,9.3m,1.2m,13.4k,5.9k
mastertingus,mastertingus,1.5m,4.2m,859.2k,25.1k,33.8k
santandave,santan,1.1m,6.2m,1m,21.3k,12k
machinegunkelly,colson,3.4m,10.8m,822.6k,13.7k,9k
bellapoarch,bella poarch,88.5m,11.1m,1m,14.3k,1.6k
daddyyankee,daddyyankee,10.4m,6m,696.3k,18.1k,20.6k
official_nct,nct official,7.3m,3.2m,1.2m,23.1k,17.6k
zeth,zeth,10.8m,6.6m,1.3m,4.1k,12.8k
larrayeeee,larray,25.6m,5.4m,1.2m,17.6k,4.1k
mrbeast,mrbeast,34.7m,6.8m,1.1m,16.1k,1.5k
jypestraykids,stray kids,10.8m,2.9m,1.1m,27.6k,12k
iamferv,fernanda,26.1m,7.8m,1.1m,10.3k,3.8k
nicocaponecomedy,nicocapone.comedy,20.3m,11.8m,691.8k,3.9k,10.2k
honeybobabear,honeybobabear,7.8m,10.1m,1.4m,5k,2.4k
masondenverr,mason,2m,4.4m,1.2m,7.3k,11.3k
nicoletv,kayla nicole,10.2m,6.1m,999.3k,4.9k,10k
aquajock_h2bro,jÃ¦bÃ¦,509.7k,5.4m,966.4k,5.4k,10.6k
terryreloaded,terry reloaded,3.9m,4.9m,1m,6.3k,10.2k
soysuco,soysuco,9.6m,6.3m,999.5k,11.1k,2k
itzyofficial,itzy,7.3m,4.7m,1.2m,10.4k,3.6k
oldtimehawkey,old time hawkey,5.1m,4.8m,831.6k,11k,7k
missionaryjack,jack harlow,3.3m,8.3m,837k,4.9k,5.5k
conormaynard,conor maynard,6.2m,5.8m,794.3k,8.9k,6.6k
conormaynard,conor maynard,6.2m,5.8m,794.3k,8.9k,6.6k
itssassagurl,sassa gurl,5.3m,6m,969.6k,6.2k,6k
terryreloaded,terry reloaded,4m,4.4m,955.3k,6.2k,9.4k
jimmydarts,jimmy darts,8.1m,5.3m,893.4k,10.3k,2.9k
alshad95,alshad ahmad,1.6m,7.3m,761.9k,6.2k,5k
bayashi.tiktok,ãƒãƒ¤ã‚·ðŸ¥‘bayashi,24.1m,7.7m,958k,5.8k,2.5k
rosalia,la rosalia,18.3m,9.8m,978.5k,3.8k,2.3k
daniel.labelle,daniel labelle,25.5m,4.6m,754.9k,5.5k,11.8k
masonmount,mason mount,2.8m,4.8m,806.9k,9.9k,5.1k
theandrewschulz,andrew schulz,3m,4m,602.2k,2.2k,21.6k
activesufi,activesufi,364.6k,13.8m,1.1m,2.2k,1.5k
hayleygeorgiamorris,hayley morris,2.9m,4.6m,586.9k,1.9k,18.4k
lilnasx,lil nas x,27.7m,5.7m,804.6k,9k,3k
willsmith,will smith,67.4m,6.9m,658.5k,10k,2k
clarissaperezlara,clari,129.5k,3.9m,370k,2.7k,34.2k
spriteder_spd,prite netijen netirattanapaiboon,2.7m,8m,924.8k,3.7k,3.5k
paytonking,payton king,5.1m,2.8m,685.4k,11.8k,15.8k
lexibrookerivera,lexi rivera,21.1m,7m,937.4k,6.2k,1.9k
snoopdogg,snoop dogg,19.7m,7.4m,647.2k,6.6k,4.3k
tuckerbudzyn,tuckerbudzyn,10.1m,4m,638.6k,3.3k,16.7k
jaykindafunny8,jaykindafunny,23.3m,9.6m,685.7k,2.4k,5.2k
solsito.pe,solsito.pe,80.2k,3.5m,503.1k,10.6k,17.8k
jake2r,"jake2r, ph.d.",2.1m,2.8m,739.6k,5.2k,17.1k
thejoeyswoll,joey swoll,2.4m,5.3m,804.5k,8.4k,2.5k
kallmekris,kris hc,43.3m,5.4m,988k,5.5k,3.1k
jdpantoja,jd pantoja,26.8m,4.8m,942.2k,8.7k,1.3k
datvilla94,ðŸ”¥Ä‘áº¡t villaðŸ”¥,5.2m,5.7m,659.1k,8.1k,3.1k
haileybieber,hailey bieber,7.7m,5.7m,810.5k,6.3k,2.7k
big.johns,big johns,140.3k,3.1m,476.5k,18.4k,8.7k
cleanpuppy,chloe cherry,1.7m,4.8m,980.2k,5.7k,2.9k
arabstay,ð•Šð•¥ð•£ð•’ð•ª ð•œð•šð••ð•¤,219k,2.6m,770.2k,11.7k,8.2k
aitch12,aitch,1.8m,5.3m,421.1k,7.6k,9.8k
doctorgraves,dr.graves,2.7m,5m,879.7k,2.8k,5.9k
fredziownik_art,franek bielak,11.8m,6.3m,781.9k,6.5k,1.2k
vibin.wit.tay,tay,3.3m,3.3m,689.4k,4k,12.6k
cedriklorenzen,cedrik lorenzen,2.1m,4m,457k,7.9k,12.4k
vanessalopesr,vanessa lopes,21.3m,5.9m,637.1k,6.4k,2.9k
rustam_mayer_djavid,rustam mayer,4.3m,7.8m,390.8k,1.6k,9.7k
soojinicoreana,chingu amiga,17.3m,6.5m,1m,3.9k,1.4k
jinisprotips,ðŸ’¡ jini ðŸ’¡,713.7k,3.7m,467.6k,6.9k,12.9k
esen_alva,esen,3.1m,3.3m,536.3k,3.3k,15.5k
drew.nori,drew nori,4.7m,8.1m,387.9k,9.7k,733
wuesilva,wue silva,11.8m,4.5m,584k,10.6k,1.8k
thallyssonsb,thallysson borges,8.5m,3.6m,629k,6k,8.2k
natemyburgh,nate,306.4k,3.4m,724.9k,3.6k,9k
soso_aroundtheworld,sosonebieridze,109.8k,3m,420k,10.8k,13.2k
newboyjosh,newboyjosh,340.5k,4m,445k,6.4k,10.4k
initiaraandini,tiara andini,4.1m,7.4m,651.6k,4.4k,1.8k
iamkevingates,kevin gates,2.1m,3.5m,413.6k,9.4k,11.3k
max7424453118,max taylor,2.8m,3.5m,572.6k,5.2k,9.5k
danya_milokhin,danya_milokhin,16.5m,6.3m,733.2k,4.6k,1.7k
samanthalogan,samantha logan,1.8m,6m,840.9k,3k,2.8k
jakekrantz1,jake krantz,2.1m,3.6m,772.3k,3.2k,7.1k
fujiiian,fuji,12.7m,6.2m,760.4k,3.4k,2.6k
vincentmarcus,vincentmarcus,2.5m,10.7m,250.4k,2.3k,8.2k
hongthanhofficial,hongthanhofficial,1.3m,7.7m,675.6k,2.7k,2.7k
kervo.dolo,kervo.dolo,7.5m,3.9m,606.4k,4.4k,7.1k
zachjustice,zach justice,3.9m,6m,793.7k,1k,4.6k
qamar_altaey,ð“†©ð‘„ð´ð‘€ð´ð‘…Â¹â¶ð“†ª,2.8m,3.6m,348k,10.2k,10.8k
fortnitekanal.exe,fortnitekanal.exe,1.4m,2.2m,539.4k,14k,7.8k
m.wardy_14,ÙˆØ±Ø¯Ù‰,67.6k,1.9m,465.5k,3.8k,24.8k
ynchq,Ñn,3.7m,3.9m,645.1k,4.1k,5.8k
nilered,nilered,8.7m,4m,725.8k,5.4k,3.2k
besttoks,besttoks,2.2m,17.4m,451.6k,1.1k,2.1k
miketoks,miketoks,11.6m,6.2m,599.7k,2.5k,4k
tiktokmena,tiktok mena,5.7m,39.5m,179.2k,1.2k,2.2k
eyavanana,eya,10.8m,4.6m,725.3k,5k,2.1k
john.leitao,john leitÃ£o,2.7m,4.3m,380.9k,7.8k,6.4k
brunodiferente2022,bruno diferente,4m,6.6m,116.7k,6k,22.4k
sugarcoatedsisters,tabby and chloe,320.3k,3.2m,523.8k,2.6k,10.5k
hesfinatia,pinatðŸ…|| ig: @hesfinatia,8.3m,8.6m,936.9k,1.8k,837
vadik_dikiy,vadik_dikiy,914.8k,3.2m,489.1k,2k,11.8k
championsleague,champions league,11.6m,3.6m,628.3k,4.2k,5.1k
esnyrrr,esnyr ranollo,4.4m,3.5m,645.3k,4.5k,4.8k
savanahmosss,savanah moss,9.3m,4.5m,703k,4.1k,2.5k
dindahw14,dinda hauw,3m,7.9m,689.2k,2k,1.8k
joshiiwuhhh,joshua alden,3.2m,2.9m,555.5k,3.7k,8.8k
j3ipy_,jeipy,7.8m,4.3m,760.7k,3.3k,2.8k
morganpresleyxo,morgan presley,5.3m,4.8m,638.5k,3.1k,3.5k
skaijackson,skai jackson ðŸ¥°,19.7m,5.2m,824k,3.1k,1.5k
ssmaaaryy,razi monroe,6.8m,6.4m,586.3k,2.8k,2.4k
vhackerr,vinnie,13.9m,2.9m,593.7k,7.8k,3.6k
tranvantre992,tráº§n tre vlogs ðŸ‰,759.3k,9.1m,472.9k,3.7k,799
jwaltonnn,á´Šâš¡ï¸,733.4k,1.7m,369.4k,28k,2.5k
kubenjoy,kubenjoy,3.5m,4.2m,476.3k,5k,4.5k
jdiasss_,joÃ£o dias,7m,3.5m,817k,4.5k,2k
evcnoble,everett noble,9.8m,3.4m,844.5k,3.2k,3.4k
victormelo,victor melo,19.4m,4.6m,642.2k,3.8k,2.4k
emilen_im,ÑÐ¼Ð¸Ð»ÑŒÐµÐ½,4m,5.3m,663.1k,4k,1.2k
ehlija,eh lija,3.3m,4m,506k,4.7k,4.3k
thoriqhal,thariqhalilintar,3.8m,5.8m,662k,2.4k,2.2k
afgsuga,afg suga official,161.7k,3.3m,490.3k,4.1k,6.8k
jen_wolff,jenny,187.6k,2.9m,371.6k,5.7k,10.5k
tubbynugget,tubby nugget,3.5m,2.6m,518.2k,2.1k,10.8k
rescuerestore,rescue & restore,1.5m,9.2m,430k,1.5k,2.9k
baddest4bitches,edda,1.5m,2.5m,580.2k,8.5k,3.4k
_itsstefano_,it'sstefano,4.4m,4.6m,553.8k,5.8k,856
guryan_off,Ð³ÑƒÑ€ÑŒÑÐ½Ð¾Ð² Ð¼Ð°ÐºÑÐ¸Ð¼,2.6m,3.3m,479.5k,3.1k,7.7k
thebenjishow,benji,5.5m,3.4m,549.6k,3.8k,5.2k
mikaelatesta,mikaela testa,1.7m,4.3m,960.3k,3.3k,749
grillervm,grillervm,2.9m,4.3m,549.3k,2.9k,4k
riaricis,ria ricis,25.5m,5.5m,665.1k,2.2k,2.1k
lizzza,liza koshy,29.4m,5.2m,1.2m,1.9k,616
elmarianaa,elmariana,6.5m,3.8m,834.8k,1.6k,3.3k
somi_official_,jeon somi,6.1m,3m,746.3k,4.6k,2.3k
craggygames,craggy games,306.8k,7m,189.3k,726,10.9k
gritside,gritside,3.6m,3.5m,446.4k,1.5k,8.3k
charlieputh,charlie puth,16.1m,3.5m,509.1k,5.8k,2.6k
spencer_serafica,xspencer,12.3m,4m,663.2k,4.1k,1.6k
mikaylahau,mikaylah,4.2m,3m,386.4k,9.9k,3.2k
kevinprieto077,kevinprieto077,1.8m,3.8m,589.3k,3.4k,3.1k
christianfabiannn,christian fabiÃ¡n d.,12m,4.8m,733.2k,3.7k,398
brotherofcolor,heyimparis,12.7m,5m,609.5k,3.6k,1.1k
gavrilinaa,ÑŽÐ»ÑŒÐºÐ° ÑˆÐ¿ÑƒÐ»ÑŒÐºÐ°ðŸ•·ðŸ•¸,16.3m,3.9m,522.2k,4k,3k
phun.anh,phÃ¹n anh,2.7m,6.8m,374.2k,3.8k,1.7k
tooturnttony,tooturnttony,15.6m,5.4m,464.6k,2.8k,2.8k
baimwong,baim wong,7.5m,5.1m,392.4k,3.7k,3.3k
maxtaylorlifts,max taylor,7.6m,3m,529k,4.4k,4.5k
kimberly11sofia,âœ¨kimberly11sofiaâœ¨,576.6k,1.9m,208k,27k,7.8k
lourdasprec,lourd,8.7m,2.4m,592.1k,5.3k,4.3k
katiavlogss,katiavlogsðŸ’,13.8m,4.6m,638.2k,3.5k,1.1k
itslennnie,lennnie,1.9m,1.9m,319.2k,2.4k,20k
couragejd,jack courage dunlop,3.1m,3.4m,391.5k,2.9k,7.1k
karimmahmoudabdelaziz,karim mahmoud abdel aziz,3.4m,5.3m,375.6k,2.5k,4.1k
jbdjebb,jean-baptiste djebbari,1.1m,2.9m,448.6k,6.2k,3.8k
dailymug69,itâ€™s a sad story...,4.2m,4.1m,544.2k,5.6k,251
superfirsthero,ÑÑƒÐ¿ÐµÑ€Ð¿ÐµÑ€Ð²Ñ‹Ð¹Ð³ÐµÑ€Ð¾Ð¹,1.6m,2.8m,526.1k,4.4k,4.5k
cookingwithlynja,lynja,9.9m,5.2m,649k,2.5k,1.4k
gordonramsayofficial,gordon ramsay,31.7m,5.7m,557.2k,3.2k,835
nabela,nabela,7.2m,5.4m,627.1k,2.6k,1.2k
alexwaarren,alex warren,15.2m,4.6m,769k,1.3k,2.3k
ayesebastien,sebastien,7.2m,3.1m,565.3k,2.8k,4.6k
jamie32bsh,jamie big sorrel hor,7.1m,5.8m,313.6k,4.7k,2.2k
maxthemeatguy,max the meat guy,3.8m,6.2m,681.9k,1.7k,1.2k
andy.and.michelle,andy & michelle,3.7m,3.1m,438.1k,2.8k,6.1k
realmsp,realmsp,349.1k,4.9m,771.9k,2k,1.1k
gameofthrones,game of thrones,647.3k,3m,359.5k,1.9k,9k
ameliadimz,ameliadimz,1.3m,3.7m,529.8k,4.1k,1.8k
chris,chris olsen,7.2m,6.1m,712.1k,1.6k,1.1k
isaach.p,isaac h.p,1.6m,2.4m,230k,11k,9.7k
billlnai,nai,8.4m,3.1m,797.1k,3.2k,1.4k
samseats,sam way,8.7m,3.6m,618.5k,2.8k,2.2k
soysuco_ff,suco ismael,3.7m,3.4m,430.5k,6.6k,981
gaynadia,nadia,287.9k,2.2m,583.8k,4.4k,4.1k
thatlittlepuff,thatlittlepuff,25m,5.1m,612.9k,1.4k,2.1k
lachama4_ff,la chama á´°,8.3m,2.9m,477k,7.3k,693
envydo,envy,198.7k,1.8m,476.1k,9.2k,3.3k
k1lauea,killazz,128.2k,1.8m,451.4k,9.1k,3.7k
noreportar08,noreportar08,265.3k,4m,104.9k,11.1k,12.9k
elrodcontreras,rodðŸ¥´,40.1m,3.3m,521k,4.8k,1k
k1lauea,killazz,128.2k,1.8m,451.4k,9.1k,3.7k
noreportar08,noreportar08,265.3k,4m,104.9k,11.1k,12.9k
elrodcontreras,rodðŸ¥´,40.1m,3.3m,521k,4.8k,1k
kpp2179393999,ãã‚ƒã‚Šãƒ¼ã±ã¿ã‚…ã±ã¿ã‚…ã®è£åž¢,834.9k,6.5m,345.5k,1.3k,3.2k
elgato,rodrigo el gato,3.2m,3.3m,454k,4k,2.7k
carolfermichh,carolfermichh,6.2m,4.3m,664.8k,2.4k,1.1k
montpantoja,montpantoja,32.3m,3.5m,652.5k,3.2k,1.2k
mmmjoemele,joe mele,21m,4.3m,608.4k,2.2k,1.5k
1xgoku,goku,74.8k,1.9m,345.6k,2.5k,12.2k
anthonnyswagg3,anthonnyswagg,8.5m,8.1m,469.6k,1.7k,797
bjjojo_,jðŸžjðŸ¦‹fan,61.6k,2m,354.5k,6.2k,7.3k
uberkuloz,berk keklik,1m,5.2m,394.7k,2.1k,2.5k
nilskue,nils kuesel,9.5m,2.6m,515.4k,5.2k,1.8k
mcsilsiloficial,@mcsilsiloficial,5.8m,2.6m,201.7k,4.7k,13.7k
labrinth,labrinth,924.9k,4.2m,416.9k,3.4k,1.9k
oilywhitehat,ðŸ”Œ,197.3k,5.5m,373.5k,3.1k,1.4k
jacksepticeye,jacksepticeye,4.2m,2.9m,512.7k,4.3k,1.9k
marisol.viola,marisol viola,1.1m,2.6m,504.8k,4.1k,3.1k
strangehumano,strangehumman nova,7.8m,3.2m,386.3k,4.5k,3k
playboyjuju,ðŸ•·,259.4k,3.3m,291.2k,5.5k,4.2k
itsjessibaby,jessi,5m,3.1m,738.5k,3.2k,835
bbykevv_,kevin nguyen,1.6m,3.2m,633.1k,2.1k,2.4k
nykolasteles,nykolas teles,3.8m,2.7m,368.8k,5.8k,3.4k
morimura,morimuraðŸ•,6.4m,2.2m,483k,4.4k,4.1k
danisoomin,daniela kim,8.4m,3.4m,492.7k,4.1k,1.2k
tenderlybaemusic,tenderlybae,14.4m,3.6m,409.5k,4.6k,1.5k
ig_alongwiranda,ðŸ•ŒðŸƒ,880.7k,3.2m,129.4k,1.2k,20k
crisdevilgamer7,crisdevilgamer,4.5m,3.5m,388.1k,5.2k,1.2k
meishmoe,meishmoe,3.9m,2.5m,534.5k,2.4k,4.1k
maylathanzin,maylathanzin,1.9m,3.5m,417.6k,1.2k,4.7k
zuuzina,ðŸ‘½,1.2m,2.7m,342.4k,4.2k,5.1k
jennifergarner,jen garner,2.1m,3.4m,315k,5.6k,2.4k
seventeen17_official,seventeen,3.9m,1.5m,375.9k,11.1k,4.1k
meosimmyyt,mÃ¨o simmy,3.9m,2.7m,367.1k,7.1k,1.5k
mariabecerra_22,maria becerra,6.1m,3.2m,553.9k,3.6k,1.2k
frostech,frostech,321k,3.4m,411k,1.5k,4.6k
p0_2,Ù…Ø´Ø§Ø±ÙŠ Ø¨Ù† Ø¹Ø¨Ø¯Ø§Ù„Ø¹Ø²ÙŠØ²  -,1.7m,4.9m,233.7k,6k,1.5k
joelbergs,joelbergs,11.2m,3.4m,636.3k,1.7k,2.2k
euro2024,euro2024,6.8m,2.5m,407.3k,2.9k,5.4k
daz_black,daz_black,7m,2.3m,506.4k,4.3k,2.9k
claragnds,maria clara garcia,16m,2.8m,401.5k,5.2k,2.1k
desartdestro,desartdestro,7.8m,5.4m,368.3k,2k,2.1k
camilacabello,camila cabello,15.3m,5.2m,321.8k,2.8k,2k
berkcoskunofficial,berk coÅŸkun,3.5m,5.6m,194.2k,2.9k,4.5k
ser.geybin,ser geybin,1.7m,3.8m,383.5k,2.2k,3.3k
anthpo,anthony po,688.3k,1.7m,414.2k,4.7k,6.9k
erikarichardo,erika,7.9m,4.6m,578.7k,2.5k,472
thegnshow,the graham norton show,1.2m,4.9m,491k,807,2.5k
cx_.q,Ù…ØµØ·ÙÙ‰ Ø§Ù„Ø¨ØµØ±Ø§ÙˆÙŠ 62,2.1m,3.9m,234.7k,3.1k,5.4k
owen.han,mangiamoh,1.5m,4.8m,376.2k,1.2k,3.1k
keniaos,keniaos,13.7m,2.2m,371.2k,7.5k,2k
angryreactions,oneya dâ€™amelio,25.8m,2.8m,406.2k,6.2k,680
saraecheagaray,sara,7m,3.6m,700.7k,2k,1k
ana_eusse,ana maria,10.5m,4.4m,665.5k,2.1k,560
ani__mel,melody ðŸŒ±,798.6k,1.9m,359.7k,2.7k,8.5k
julianjacob,julian jacob,1.2m,3.8m,496.5k,2.4k,1.6k
averywit,avery,1m,5.4m,724.1k,1.6k,293
buithanhtuyen2003,ð“ð®ð²ðžÌ‚Ì€ð§ ð—ð® ð“ð• ðŸ’¦,1.8m,1.6m,228.8k,18.5k,1.9k
emilythetrimmer,emily mohring,492.6k,5.8m,267.9k,1.7k,3.1k
fabru_blacutt,fabru,17m,5.3m,544.8k,1.9k,642
yoangelolo,angelo bahu,1.2m,2.4m,224.3k,12.2k,1.5k
virginiafonseca,virginia,30.6m,4.4m,566.4k,2.3k,679
haritsuuu,ãƒãƒªãƒ„ðŸŒ¿æ¥µ,1.3m,4.1m,158.1k,4.9k,6.4k
thekapelariz,the kapelari family,1.1m,2.8m,464.2k,3.5k,2.1k
camavinga,eduardo camavinga,1m,3.3m,522.3k,2.5k,1.6k
feezius,feezius,2.1m,4m,525.8k,2.8k,654
lights.are.off,lights are off,18.7m,2.9m,292.7k,6.3k,2.1k
benjaminmaissecret,benjamin,174.4k,7m,39.2k,24k,1.7k
calebrownn,cale brown,5m,2.7m,459.5k,1.5k,4.2k
realuser_1,jrm,1.6m,4.1m,411.5k,2.5k,1.7k
anas_elshayib,Ø§Ù†Ø³ Ø§Ù„Ø´Ø§ÙŠØ¨,3.6m,4.6m,194k,6.1k,1.8k
caleb.finn,ï½“ï½”ï½ï½™ã€€ï½ˆï½™ï½„ï½’ï½ï½”ï½…ï½„ã€€ç·¯ä¿ºãª,15.2m,3.5m,691.5k,2.5k,428
hi_arvans,arvanss,201.4k,1.3m,320.3k,1.2k,15.5k
theestallion,megan thee stallion,10.9m,1.9m,499.7k,4.4k,2.9k
rubentuestaok,ruben tuesta,12.3m,4.5m,418.3k,1.1k,2.6k
kingbach,kingbach,26.3m,3.1m,582.2k,1.8k,2k
rdcworld1,mark phillips,2.8m,1.8m,336k,2.3k,9.1k
anna..paull,anna paul,3m,2.8m,655.6k,2.9k,838
drewafualo,drew afualo,6.8m,2.2m,446.5k,5.1k,2.1k
scottkress_,scottkress,2.9m,1.5m,402.7k,7.4k,4.1k
dixiedamelio,dixie,57.2m,4.4m,275.2k,4.6k,1.1k
nianaguerrero,niana guerrero,30.5m,3.2m,493k,2.7k,1.7k
benoftheweek,ben de almeida,10.6m,3.5m,512.8k,3.1k,722
maiaknight,maia knight,8.1m,3.5m,628.8k,2.5k,647
theovon,theo von,1.4m,2.4m,230.6k,2.7k,9.8k
abbieherbert,abbieherbert,12.2m,4.6m,619.2k,1.6k,772
yazidoe,yazidoe,958.9k,2m,297.4k,2.8k,8.4k
loewhaley,laura,1.4m,2.5m,232k,1.2k,10.6k
georgieanthony,georgie munoz,2.2m,1.8m,294.3k,3k,9.5k
.blue_devil,why not ? âœ§,941.9k,4.8m,486.4k,1.5k,1.3k
ya_gazdanova,Ð½Ð¸Ð½Ð° Ð³Ð°Ð·Ð´Ð°Ð½Ð¾Ð²Ð°,3.4m,3.7m,184k,932,8.8k
piperrockelle,piperrockelle,9m,2.4m,275.4k,9.3k,517
incorrectlyroce,roce ordoÃ±ez,5m,3.1m,499.5k,1.9k,2.2k
wayeelkaboy10,wayeelka boy10,852.4k,3.7m,169.6k,5.6k,4.3k
joaoferdnan,joÃ£o ferdnan,7.4m,2m,238.5k,4.2k,9.1k
simpleputin,Ð¿Ñ€Ð¾ÑÑ‚Ð¾ Ð¿ÑƒÑ‚Ð¸Ð½,6m,3.1m,157.9k,10.6k,2.2k
chapaevva,Ñ‡Ð°Ð¿Ð°ÐµÐ²Ð°,1.9m,3.8m,347.7k,2.9k,1.7k
lyna_com,lyna_com2000,4.4m,3.4m,451.3k,3k,1.1k
arigameplays,arigameplays,19.3m,2.6m,444.6k,4.5k,915
tommyinnit,tommy,11.5m,1.5m,432.1k,7.6k,1.9k
arigameplays,arigameplays,19.3m,2.6m,444.6k,4.5k,915
tommyinnit,tommy,11.5m,1.5m,432.1k,7.6k,1.9k
alexisomman,alexis omman,9.2m,1.6m,330k,5.1k,6.5k
samadhiza_,samadhiza,7.4m,3.7m,418.3k,2.1k,1.8k
joerauth_,joe rauth,4.9m,2.9m,463k,1.6k,2.9k
danielarodrice,daniela rodrice,9.9m,4.2m,735.7k,1.5k,391
official_kep1er,kep1er,3.5m,1.8m,395k,5.5k,2.7k
sucss.s,aÃ§ucena guirra,9.7m,2.6m,468.1k,3k,1.9k
veydi_rush,veydi_rush,8m,2.9m,456.8k,2.6k,1.8k
davidsiwonchoi,ìµœì‹œì› â€¢ siwon choi,1.9m,1.3m,314.3k,8.6k,5.6k
livvy,olivia dunne,5.1m,2.7m,316k,4.9k,1.8k
catherineealicia,catheez,1.3m,2.3m,306.4k,5.9k,2.2k
bonjee,bonjee,1.8m,1.8m,382.9k,2.5k,5.9k
tuckercomedy,tucker reynolds,2m,1.6m,225.2k,2.9k,12.7k
jennifer_aplicano,jennifer aplÃ­cano,1m,2.5m,248.5k,3.7k,5.4k
qonitcah,qonitcah | health education,1.4m,3.1m,277.5k,4.4k,2k
carolcastromx,carol castro,9.7m,3.4m,564.2k,2.4k,508
vorostwins,vorostwins,2.6m,2.7m,344.1k,3.8k,2.1k
tiagodionisio,tiago_dionisio,5.5m,2.4m,227k,1.1k,8.9k
magic_daniell,magic daniell,9m,4.5m,503.4k,2k,427
3tl.team,3tl,1.6m,4.4m,380.9k,2.7k,493
nessaabarrett,nessa barrett,17.9m,2.8m,338.2k,3.8k,2k
saeemm2002,samantha ancheta,4.1m,1.8m,396.9k,4k,3.6k
nate.dawg.com,nate dawg,230.2k,2.4m,434.5k,3.3k,1.9k
larissagloor,ð—Ÿð—®ð—¿ð—¶ð˜€ð˜€ð—® ð—šð—¹ð—¼ð—¼ð—¿,2.6m,2.9m,489.4k,2.4k,1.3k
xshueur,Ò“á´‡á´‡ÊŸÉªÉ´É¢,256.6k,2.4m,186k,0,11.7k
cleanpuppy,chloe cherry,1.7m,3.6m,617.4k,1.7k,612
tootymcnooty,tootymcnooty,7.3m,1.5m,401.1k,2.2k,6.4k
miakhalifa,mia k.,32.5m,3.7m,340.3k,3.5k,644
notraymodeli,modeli,1.9m,1.8m,404.3k,2.7k,4.3k
axelwebber,axel,4.2m,2.4m,544.7k,3.4k,522
baebyshaa,shalynne,324.6k,3m,650.3k,1.4k,1.2k
momonatamada,momona tamada,3.7m,2.7m,489.4k,3.3k,473
nikkietutorials,nikkietutorials,5.1m,4.3m,536.6k,1.2k,987
spicyycam_,spicy cam,18.2m,3.5m,428.1k,3k,295
sa_ro01,saraðŸ’œ,3.4m,3.3m,265.9k,4.6k,1.1k
byniaromero,nia romero,10.4m,4m,531.1k,2k,291
_vqsngi.03_,ghÃ©t mÃ´n toÃ¡n =))),87.7k,2.6m,367.5k,3.3k,1.8k
oblomoffrecipe,oblomoffrecipe,5.3m,3m,271.8k,1.2k,4.8k
yg_treasure_tiktok,yg_treasure_official,3.5m,1.7m,355.3k,4.1k,4.2k
luq_music,luq_music,165.7k,2m,237k,5.9k,4.3k
bradtheboxer,just brad,2m,2.5m,216.7k,3.6k,5.3k
ftedooda,ðŸ›„,23.5k,1.2m,219.4k,2.8k,16.4k
kurtisconner,kurtis conner,1.8m,2.2m,465.8k,3.1k,1.5k
maskrayy1,maskrayy1,4.5m,7m,280.9k,1.2k,1.2k
babybella777,bella hadid,4.4m,3m,504.5k,2.6k,614
trainee_a,trainee a,2.7m,1.3m,384k,5.3k,4.2k
texasbushman,texas bushman,1.2m,2.4m,242.6k,1.5k,6.7k
ugolord,âš–ï¸ the tiktok attorney âš–ï¸,5.3m,2.8m,281k,5.6k,497
fedevigevani,fede vigevani,12.6m,2.7m,370.4k,4k,721
nam_patcharaporn,namfon,656.5k,2.2m,374k,3k,2.6k
endomarf,â˜»â˜†endomarfaâ˜†â˜»,517.2k,1.7m,516.5k,3.4k,2k
dasigantung,dasi gantung,5.1m,3.5m,497.8k,1.5k,1.2k
llucastorresg,lucas torres,831.4k,1.5m,328.5k,4.5k,4.9k
bungalow_jonathan,bungalow jonathan,251.2k,1.5m,116.6k,994,25.1k
.aidenbeaudry,.aidenbeaudry_official,483.3k,2m,344.8k,3.1k,3.5k
cbum,chris bumstead,2m,2m,389.1k,2.6k,3.2k
rebeccazamolo,rebecca zamolo,16.8m,2.3m,233.9k,7.9k,701
farrelhkeem,faðŸ§›,179.1k,1.8m,292.9k,2.1k,6.4k
cellat36,cellat36,8.2m,2.4m,212.3k,6.4k,2.4k
clexxd,clexxd,8.9m,2.4m,227.3k,8.1k,118
yodeege,deege,905.9k,2.3m,366.9k,1.9k,3.5k
brentrivera,brent rivera,42.8m,2.6m,492.8k,3k,433
herranwalt,herr anwalt,5.3m,2.2m,302.7k,3.8k,3k
europaleague,europa league,2.1m,2.8m,346.8k,2k,2.5k
danivallem,dani valle,3.9m,1.6m,130.5k,1.1k,19.9k
nourmar5,nourmar5,14.3m,1.3m,145.9k,13k,10.1k
nada_m7amed,Ø¯ÙˆØ¯Ø§ðŸ¦¹ðŸ»ðŸ¤,5.8m,3.4m,281.2k,2.3k,2.3k
ox_zung,ì›ì •ë§¨ wonjeong,41.1m,2.8m,399.4k,3.2k,727
thor.aya,thoraya maronesy,1.5m,2.7m,468.3k,2.1k,1.3k
caocuongvu,caocuongvu,3.4m,2.9m,346k,3.1k,1.3k
renpc_,âœ¨ren pcâœ¨,3.2m,1.7m,318k,2.4k,5.6k
julesleblanc,jules,18.6m,2.9m,657.5k,1.8k,516
alexhook2303,Ð°Ð»ÐµÐºÑÐ°Ð½Ð´Ñ€,4.3m,1.3m,253.6k,10.8k,2.3k
laurahfritz,laura & lena,2.5m,2.2m,400.8k,1.5k,3.3k
corvii_ff,el corvii ðŸ­,10.5m,2.5m,427.7k,3.8k,215
gabimfmoura,gabriela moura,7.7m,2.6m,381.3k,1.9k,2.4k
bottleofdjinn,him,706.3k,2.8m,582.7k,1.6k,1.1k
mohmadtra,ØªØ±ÙÙˆÙ„ØªØ§,1.8m,4.4m,304.7k,2k,1.2k
respectme90,football  âš½ï¸ Ñ„ÑƒÑ‚Ð±Ð¾Ð»,658.1k,2m,243.1k,3.7k,5k
soycintiacossio,cintia cossio,4.1m,5.7m,480k,702,838
thegoodhype,goodlin siblings,1.7m,2.5m,443.5k,1.6k,2.2k
carolvillanes,carol villanes,4.1m,1.8m,312.3k,7k,458
just_jenoah_,jenoah santiago,1.4m,2.4m,488.5k,1.5k,2k
datdo0803,Ä‘á»— Ä‘áº¡t,6.5m,4.6m,368.8k,1.7k,732
robgronkowski,gronk,2.4m,2.4m,332k,1.7k,3.5k
___nicoichi___,nicoã€å¹³æˆãƒ•ãƒ©ãƒŸãƒ³ã‚´ã€‘,1.3m,2.7m,288.9k,3.2k,2.1k
pablitocastilloo,pablitocastilloo,4.5m,1.8m,225.6k,1.4k,9k
iamjonathanpeter,jonathan peter,12.7m,3.2m,379k,999,2.4k
meowlife7,cats is life,876.4k,2.3m,311.5k,1.6k,4.1k
pimpiriya1,pim piriya,1.3m,2.9m,567.9k,1.2k,1.3k
ferchugimenez,fernanda,4.3m,3.3m,456.5k,1.4k,1.3k
homm9k,Ñ…Ð¾Ð¼ÑÐº,39m,2.8m,385.8k,3k,752
mndiaye_97,mndiaye_97,14.2m,2.2m,411.9k,2.3k,2.2k
linatejeiro8,lina tejeiro,4m,4m,295.9k,992,2.4k
www.m4th.com,math!eu,6.9k,1.3m,309.2k,6.5k,3.5k
dovecameron,dove cameron,9m,1.8m,380.5k,4.5k,1.3k
sjbleau,sj,12.3m,3.6m,420.3k,1.7k,914
ginescorreguela,ginÃ©s correguela,776.4k,2.8m,140.5k,2.6k,7.7k
mrzeooficial,mr zeo ðŸ‡©ðŸ‡´,16.1m,2m,251.1k,2k,5.9k
stellajero16,vester ajero,1.2m,1.1m,265.7k,10.9k,2.5k
teokun711abc,ãƒ†ã‚ªãã‚“@å¹¸ã›è€…,1.2m,2.8m,317.6k,1.8k,2.6k
ajo.ozil,ð™†ð™ªð™§ð™£ð™žð™– van ð™‚ð™ªð™¨ð™¢ð™–ð™£,900k,6.4m,250.8k,825,1.6k
mr_paul.boy,"Ð¿Ð°ÑƒÐ», Ð»Ð¸Ð±Ð¾ Ð¿Ñ€Ð¾ÑÑ‚Ð¾ Ð¿Ð°ÑˆÐ°",7.2m,2.2m,426k,3k,1.1k
rblx.dreyzon,ðŸ¤ Ð´Ñ€ÑÐ¹Ð·Ð¾Ð½ â€¢ Ñ€Ð¾Ð±Ð»Ð¾ÐºÑ ðŸ¤,1.3m,1.9m,234k,7.4k,1.2k
mattiastanga,mattia stanga,2.3m,1.6m,242.4k,1.3k,8.6k
hannahbahng,hannahbahng,1.9m,1.5m,471.3k,4.1k,1.3k
haositofficial,haositofficial,1.2m,1.7m,344.6k,5.6k,936
kdramas_klis,âœ¨klisâœ¨,860.3k,2.8m,368.5k,1.4k,2.3k
mhc_f_f,âœ§â˜½ ð’¹ ð“‡ ð‘’ ð’¶ ð“‚ ð’¾ ð“ƒ ð‘” â˜¾âœ§,1.1m,1.7m,269.9k,1.4k,7k
yurielkysojeda,yurielkys ojeda,12.2m,4m,481k,1.3k,667
elsalsely00,ðŸ¥‡ Ø§Ù„Ø³Ù„Ø³ÙŠÙ„ÙŠ ðŸ¥‡,4.3m,4.6m,177.2k,612,4k
mayanelsayed,mayan el sayed,3.5m,4.4m,263.5k,1.2k,2.1k
wasyanka,Ð²Ð°ÑÐ¸Ð»Ð¸Ð¹,2.5m,1.7m,124k,1k,16.8k
vidhia_r,vidhi_r,4.4m,2.7m,290.6k,3.2k,1.6k
com.yamato0515,ã€ã‚³ãƒ ãƒ‰ãƒƒãƒˆã€‘ã‚„ã¾ã¨,1.7m,2m,271k,4.9k,1.9k
kaylamalecc,kayla,6.6m,2.2m,363.1k,4.4k,267
munchieslab,martÃ­n,2.7m,2.4m,180.5k,796,7.6k
albert_cancook,albert niazhvinski,4m,4.2m,403.4k,1.4k,712
juaniquilador,juansguarnizo,8.6m,2m,452.2k,1.6k,2.5k
cerenyaldz,ceren yaldÄ±z,9.2m,2.2m,164.5k,8.5k,1.3k
thedannyphantom,danny,80.1k,1.9m,177.1k,7.8k,2.7k
cindylauw,cindylauw,148.6k,2.2m,323.9k,4.5k,439
gehadhassann,gehad hassanðŸ‘¸ðŸ»,7.3m,1.4m,177k,3.5k,10.7k
dudamaryah,dudamaryah,4.1m,3m,340.7k,2k,1.4k
the.revival,revival,392.8k,2.2m,283.8k,1.2k,4.4k
gavinmagnus,gavinmagnus,5.2m,2m,254.9k,6.4k,412
ermmm.umm,user569215425698,2.1k,1.9m,254.5k,2.3k,4.8k
thegerbers_,ðŸ§¡Ð¼Ð°ÑˆÐ° Ð¸ Ñ€Ð¾Ð±ÐµÑ€Ñ‚ðŸ§¡,5.3m,3.7m,375.3k,2.1k,344
hiagodosvideos,hiago marques,1.2m,2.6m,365.4k,2k,1.6k
andweaso,andrea,5.9m,3m,542.1k,1.2k,884
luisvelody,luis velody,6.2m,3.3m,459.9k,910,1.3k
yoshi30244781481,ã«ã£ã—ãƒ¼,3.9m,4m,409.6k,1.2k,837
the_joe_gatto,joe_gatto,6.5m,2.9m,247.7k,1.4k,3.2k
frankielapenna,frankie lapenna,1.8m,4.9m,411.7k,735,943
.diana__tc,diana tc,2.9m,3.2m,348.7k,1.9k,1.1k
matsudake,m2dk/ãƒžãƒ„ãƒ€å®¶ã®æ—¥å¸¸,4.7m,8.1m,199.8k,1.2k,833
anokhinalz,Ð°nokhina liza,35.6m,2.8m,374k,2.8k,379
mranto,anto garcia,8.2m,6.5m,274.7k,1.3k,570
iheartmemphis,iheartmemphisðŸ”¥,12.5m,4.3m,260.2k,2.3k,687
sobrevivente13,edelson ribeiro,4.1m,2.2m,188.3k,1.7k,6.2k
pam_a_cake,pam,4.1m,3.5m,487.4k,1.6k,334
ardkth,ðŠð¢ð¦ ð€ð‘ð,1.3m,1.1m,350.4k,2k,6.5k
cemresolmaz,cemre solmaz,10.2m,2.2m,180.9k,7.2k,976
philipdefranco,philip defranco,1.9m,2.5m,319.2k,2.8k,1.3k
otakoyakisoba,otakoyakisoba,14.1m,2.8m,278.8k,1.8k,2.3k
freeritzyralph,ritzyralph,1.4m,1.5m,375.4k,3.3k,2.4k
jhothsa,jhothsa,12.3m,1.7m,224.7k,1.7k,6.7k
icebox,icebox,6.2m,3m,277.2k,3.3k,517
tatiana1964_2,Ñ‚Ð°Ñ‚ÑŒÑÐ½Ð°,31k,1.7m,12.4k,207,151.8k
nmixx_official,nmixx,1.1m,1.6m,318.5k,4.2k,2.1k
bmbsh7,Ø¨Ù…Ø¨Ø´ Ø§Ù„Ø³ÙŠØ¯â™¦ï¸bimbshâ™¦ï¸,3.8m,1.8m,289.5k,3.8k,2.3k
jackjos3ph,jack joseph,2.4m,1.4m,246.3k,3.5k,5.7k
bikedasher,patrick,2.2m,3.3m,370.4k,2.2k,427
benjikrol,benji krol,30.3m,2.4m,338.9k,3.4k,488
djmariio,djmariio,983.8k,2.2m,329.2k,1.3k,3k
reeh__augusto,reeh augusto,3.7m,2.1m,371.8k,2.5k,1.6k
onlyjayus,bella avila,17.6m,2.3m,344.7k,2.6k,1.3k
sabrinacarpenter,sabrina carpenter,12m,2.2m,298.8k,2.8k,1.9k
barbaracoura,bÃ¡rbara coura,8m,2.4m,384.3k,2.2k,1.2k
ngikuttrendaja,ahmad rizki,192.8k,3.7m,304.5k,1.5k,1.2k
rayssabuq,rayssa buq,5.4m,1.8m,326.8k,2.6k,2.6k
olisboa,lisboa,612k,3m,505k,944,1.1k
mimiermakeup,mirta miler,14.5m,2.7m,448.6k,2.2k,367
verycooll_real,very cool,1.4m,3.1m,234.5k,1.3k,3k
just.hamilton,just hamilton,2.3m,1.7m,271.6k,2.9k,3.9k
michou_yt,michou,6.7m,3.6m,256.4k,2.8k,456
gregisms,gregismsâ€™ neighborhood,2.2m,975.5k,168k,6.7k,11.6k
butt.erhand,lucie,176.4k,2.2m,201.5k,514,6.2k
gbandme,gb and me,5.7m,1.6m,250.1k,4.8k,2.7k
fransfaisal_real,frans faisal,272.9k,2.5m,278.8k,3.3k,926
officialjellyroll,jelly roll,2.4m,2.3m,290.8k,2.6k,1.8k
lossiblings_,lossiblingsðŸ­,23.6m,2.8m,396.9k,1.8k,863
davidgetial,deivis,13.3m,3.2m,439.4k,1.8k,302
zodiac.boyfriend,zodiac boyfriendðŸªðŸ”®,1.6m,1.6m,219.7k,3.6k,4.7k
michellerenaud,michelle renaud,2.3m,4.2m,357.8k,1.1k,801
kelvin__silvaa,kelvin__silvaaa,3.4m,2m,163.6k,1.1k,7.7k
user4350486101671,user4350486101671,16.2m,1.6m,302.3k,4.7k,1.3k
jeison_giraldo,jeisongiraldo,24.6m,3.4m,426.5k,1.7k,300
chrisdelia,chrisdelia,1.7m,1.8m,268.5k,643,5.5k
lightskinkeisha,lightskinkeisha,1.9m,2m,303.2k,1.2k,3.5k
larasilvan,tik toker,15.9m,1.8m,351.3k,3.4k,1.1k
la_lerma,lermita,11.6m,2.7m,354.3k,1.2k,1.8k
duolingo,duolingo,3.4m,1.5m,281.1k,4.5k,2.3k
danythegaggio,daniele cabras,2.7m,1.4m,214.2k,1.7k,7.8k
dari_wadha_home,dari_wadha_home,1.4m,2.9m,182.1k,2.4k,2.9k
pkllipe,pk,16.5m,2.2m,383.9k,1.6k,1.8k
aloserishere_,ð™‡ð™¤ð™¨ð™šð™§.,159.4k,1.1m,165.5k,6.6k,8.8k
olivertree,oliver tree,12.5m,3m,324.1k,1.8k,1.1k
lonely.moods,:),354.5k,815.5k,214k,5.4k,10.6k
jessnolimit999,jess no limit,5.3m,2.7m,264.7k,3.1k,877
sooshimango,sooshi mango,483.4k,1.1m,100.7k,3.5k,21.7k
spider_slack,spider_slack,31.6m,2.6m,314.3k,1.7k,1.7k
realmadrid,real madrid c.f.,11.7m,2.1m,300.5k,3k,1.5k
leanadeeb,leana deeb,4.2m,2.6m,426.9k,1k,1.5k
jonathanbecerraoficial,jonathan becerra,1.2m,2.3m,173.4k,1.5k,5.5k
officialturk,officialturk,26.1k,1.1m,237k,7.5k,3.4k
isabuenox,isabelle bueno,2.8m,1.9m,410.4k,2.5k,1k
peachypollo,emillee,1.4m,2.3m,480.6k,749,1.7k
monabouchon_,monabouchon,139.1k,1.5m,127.6k,468,13.7k
monabouchon_,monabouchon,139.1k,1.5m,127.6k,468,13.7k
reymbayang,rey,3.3m,2.3m,273.3k,1.9k,2.4k
noahbeck,noah beck,32.8m,2.9m,342.7k,2.3k,439
limaunipisofficial,limaunipisofficial,602.6k,1.5m,107.7k,1.3k,15.4k
therealhammytv,therealhammytv,13.3m,3.7m,156.5k,884,3.8k
matheusevitoriaofc,matheus e vitoria,6.9m,2m,317.9k,2.2k,2k
7iprast,ð—¶ð—¡ð—¦ð—¢ð— ,3.6m,1.7m,163.5k,1.1k,8.6k
oli_natu,oli natu,7.9m,2.9m,408.3k,1.2k,1.1k
sebbylaz,seb laz,4.1m,1.8m,238.6k,5.5k,894
r___.89,ð‘€ð‘–ð‘ ð‘¡ð‘’ð‘Ÿ ð‘…ð‘’ð‘’ð‘šð‘Ž ðŸ˜¾âœ¨.,3.5m,1.8m,299.8k,3.8k,1.3k
anwar,anwar jibawi,11.7m,2.5m,275.9k,1.3k,2.5k
blake.snider,blake snider,4.6k,2.8m,150.7k,967,5.5k
alejwho,alejandro,983.5k,1.5m,279.1k,2.5k,4.1k
anitta,anitta,17.2m,3.8m,263.4k,1.6k,1k
tangychu,Ñ‚Ð°Ð½Ð³Ð¸ ÑˆÑ‚Ð¾Ð»Ðµ,20.9k,1.3m,259.4k,2.1k,5.7k
newt,newt,9.4m,2.3m,378.5k,1.4k,1.6k
brookemonk_,brooke monk,19m,2.7m,339.6k,2k,867
psg,psg,25.3m,2.7m,319.2k,2.2k,777
roy.0fficial,roy.official,290.8k,1.2m,108.4k,432,19.6k
nicollefigueroaa,nicolle figueroa,9.6m,2.5m,343k,2.5k,546
ucgj7,â˜ï¸Ð±Ð¸Ð¿Ð¾Ð»ÑÑ€Ð¾Ñ‡ÐºÐ°ðŸ‘†,1.5m,1.8m,179.8k,6.2k,1.8k
startup.mp4,startup.mp4,98k,944.3k,246.6k,4.7k,6.4k
beca,rebeca barreto,21.9m,2.3m,297.7k,3k,819
glebpiano,Ð³Ð»ÐµÐ± Ð¿ÑŒÑÐ½Ñ‹Ñ…,457.3k,3m,75k,3.1k,8.4k
emilyfauver,emily&ella,3.3m,2.5m,377.9k,1.3k,1.5k
mikaylanogueira,mikayla nogueira,11.2m,2.2m,323.8k,3k,657
ivanovik.83,ivanovik.1983,172.7k,2.3m,91.5k,1.1k,11.1k
francis.bourgeois,francis bourgeois,2.3m,2m,193k,1.6k,5k
kaan.etm,kaan,2.6m,2m,358.4k,2.8k,807
ramonvitor,ramonvitor,2.2m,1.8m,397.9k,2.5k,1.1k
imreddtv,redd,883.1k,3.2m,190.8k,1.2k,3.1k
scarlettsspam2,scarlett,1.1m,2.2m,204.7k,4.5k,1.2k
siscakohl,sisca kohl,10.4m,2.6m,306.5k,2.2k,986
_andrewcurtiss,andrew curtis,2.4m,1.3m,274k,4.8k,2.5k
_xndirizlky_,_xndi rizlky_,11.5k,3.7m,166.5k,2.2k,1.8k
kingmajesty_princessrose,nelson and rose,155k,1.6m,109.6k,1.3k,13k
serchexmx,serchex,123.1k,1.4m,265k,2.9k,3.7k
hoaminzy_hoadambut,hoÃ  minzy,4m,3.2m,345k,1.8k,423
samsung_guy,callum,117.5k,1.8m,237.2k,4.9k,850
arbooks__,arbooks,392.1k,2.1m,223.8k,2.6k,2.6k
eduincaz5,eduin caz,5.2m,2.8m,278.7k,1.2k,1.9k
agigigrigio,giovanna grigio,2m,3.6m,325k,1.7k,407
kienreview90,kien review,9.8m,4.5m,254.1k,1.3k,850
kallmewhateveryouwant,kallmewhateveryouwant,10.9m,1.8m,342.3k,3.2k,744
kopke613,kopke613,3.6m,1.1m,141.8k,2.2k,13.2k
colewherld,colegonzales,4.9m,2.1m,297.2k,696,3.2k
zloinvfx,stanislav anisimov,135.8k,3.3m,172.6k,899,3.3k
yordy_yor,yordy_yor,1.2m,3.8m,146.2k,3.7k,671
countingshleeps,blake,2.1m,1.7m,265.6k,2.8k,2.6k
jasminechiswell,jasmine chiswell,15.2m,3.4m,404.4k,1.5k,212
fjerry,fjerry,3m,1.4m,109.5k,3k,12.6k
roportajadam,mahsun karaca,930.1k,2.7m,157k,564,5.1k
outtpig,cameron perez,1.6m,1.5m,350.2k,2.2k,2.3k
qpark,q park,30.2m,3.2m,216k,1.6k,1.8k
andcarli,anderson carli,6m,4.4m,234k,1.8k,500
mitzakoff,lucasmitzakoff,1.9m,1.3m,270.3k,2.4k,4.2k
itsjojosiwa,jojo siwa,40.7m,3m,370.2k,1.7k,383
good.boy.ollie,good boy ollie,2.8m,2.1m,344.3k,1.1k,2.1k
alaa.ayyman,alaa ayman,8.2m,3.7m,364.6k,820,935
jj_olatunji4,ðŸ‡¬ðŸ‡§ðŸ‡¬ðŸ‡§ðŸ‡¬ðŸ‡§,1.6m,2.3m,334.6k,591,2.4k
leaelui,lea elui,17m,2.8m,375.9k,1.1k,1.2k
innkastar,innkastar,11.6m,2.6m,193.5k,4k,666
anilinom,anilinom,11.8m,10.6m,136.8k,441,1.2k
mileshampton,wilsonshouse,140.3k,1.3m,299.3k,2.4k,3.5k
mastercorbuzier,deddy corbuzier,2.1m,3m,215.6k,2.8k,791
djraulitooficial,dj raulito,605.3k,3.3m,167k,715,3.5k
brandonspam_,brandon conner,7.3m,2.2m,281.7k,3.2k,558
paulaverhoeven,paula verhoeven,997.5k,4.9m,232.7k,1.1k,946
madisonpettis,madison pettis,2.6m,2.9m,493.5k,1k,603
arianagrande,arianagrande,26.6m,1.4m,333.9k,3.9k,963
vekalife24,vekalife,2.4m,1.5m,116.2k,459,12.6k
westbrouck,mattie,8.6m,1.9m,423.1k,2.2k,655
the.big.mike,the big mike,71.5k,1.5m,176.8k,4.2k,4k
.mats.ftl,â¤ï¸â€ðŸ”¥Ð»Ñ‘ÑˆÐ° Ð¼ÑÑ‚Ñâ¤ï¸â€ðŸ”¥,6.7k,1.7m,210.2k,1.7k,4.6k
bilalfadilii,bilal fadili,958.4k,1.8m,210.4k,2.3k,3.7k
jaydafnwayda,jayda wayda,3.2m,2.2m,333.4k,1.2k,1.9k
vzelivx,vzelivx,731.3k,2.1m,271.2k,2.6k,1.3k
benoit_chevalier,benoÃ®t chevalier,8.7m,1.7m,180.9k,3.1k,4.2k
ninogashi,ninogashi,1.3m,1.8m,179.7k,3.2k,3.7k
twice_tiktok_official,twice,13.9m,1.2m,223.8k,6.5k,1.8k
beniju03,beniju,2.2m,1.6m,304.8k,3.8k,716
chourouk.model_official,chourouk_model_official,4.4m,3.2m,270.5k,897,1.7k
shabiraalulaadnan,shabiraalula&ayah,5.1m,3.2m,256.4k,1.5k,1.2k
ryskalamarcysia,ryskalamarcysia,1.8m,3.1m,360.9k,1.6k,403
namyulenka,namy,6m,2m,366.2k,2.1k,901
tu.terapeuta.en.tiktok,leandro olszanski,1.6m,1.6m,328.5k,1.9k,2.3k
devincaherly,devin caherly,6.9m,3.6m,406.6k,1.3k,213
itsmatheuscosta,matheus costa,4.3m,2.1m,235.3k,1.7k,2.8k
virguleanimaleshow,virguleanimaleshow,850k,1.2m,190.8k,1.8k,7.7k
vtkh2004,vÅ© thá»‹ khÃ¡nh huyá»n,7.7m,2.6m,321.4k,2k,588
mateuspesce,pesce,5.7m,1.7m,254.9k,2k,3k
how.kev.eats,how.kev.eats,1.8m,2.5m,323k,1.8k,926
zubarefff,Ð·ÑƒÐ±Ð°Ñ€ÐµÐ² Ð°Ð»ÐµÐºÑÐ°Ð½Ð´Ñ€,2.9m,2m,300.1k,1.7k,1.9k
vancityreynolds,ryan reynolds,19.7m,2.3m,282.8k,1.6k,1.7k
clecolucci,clÃ© colucci,2.9m,935.1k,165k,9.4k,4.5k
mr.v1bez,mr.vibez,853k,1.4m,364.2k,1.9k,2.3k
nosoychaparro,luis chaparro,2.8m,2.1m,360.3k,2.5k,320
lilyxgarcia,lily garcia,8.9m,1.8m,418.2k,1.9k,906
juanpazurita,juanpa zurita,12.8m,3.3m,397.7k,804,782
juandaniel.ibarra,daniel ibarra,26.6m,3.3m,353.7k,1.4k,406
juandaniel.ibarra,daniel ibarra,26.6m,3.3m,353.7k,1.4k,406
maddiebools,maddie,52.9k,1.7m,99.6k,3.6k,8.9k
abir.sag,abir e sag,11m,2.5m,176.9k,2.9k,1.7k
lexychaplin,lexy,3m,2m,308.2k,2.7k,595
mich_gzl,michelle gonzÃ¡lez,538.3k,3.1m,220.6k,730,2.2k
more.annapaul,more anna,1.5m,2.7m,447.8k,1.3k,418
ktlynraps,ktlyn,1.9m,2.1m,226.7k,2k,2.3k
yano4kaa.aaa,yano4kaa.aa,3m,1.7m,267.1k,2.2k,2.3k
baga..genius,Ð¼Ð¾Ð»Ð¾Ð´Ð¾Ð¹ Ð³ÐµÐ½Ð¸Ð¹,721.6k,1.9m,279.7k,1.7k,2.2k
lelepons,lele pons,26.8m,2.2m,307.4k,1.9k,1.1k
n.vv3,Ù†Ø§ØµØ± || ðŸ‡¸ðŸ‡¦ alsubaie ..,1.9m,3.3m,158k,3.2k,642
flakeysalt,joshua weissman,6.2m,2.5m,352.9k,664,1.6k
kikakiim,kika kim,29.5m,2.2m,296k,2.2k,918
emilymariko,emily mariko,10.1m,3m,321.7k,1.3k,766
milos.guzel,milos,4.8m,1.9m,425.5k,1.7k,774
hashbrotatoes,h&sh brotatoes,390.1k,2.2m,342.6k,1.4k,1.3k
diana_aster,ðŸ’— diana aster ðŸ’—,10.4m,2.7m,337.4k,1.8k,417
gabrielabee,gabi bee,9.3m,1.2m,248k,5.5k,1.2k
igorjansen,igorjansen,10.6m,2.2m,275.7k,2.4k,953
ifluent,ifluent,2.8m,1.6m,174.5k,4k,3.1k
mateus_hwang,mateus hwang,1.9m,2.1m,139.6k,5.7k,1.2k
taimmm8,888,1m,2m,318.8k,1.5k,1.6k
mandrake1984real,giuseppe mandrake ninno,883.8k,1.4m,180.4k,982,7k
lisav_,Ð½Ñƒ Ð»Ð¸Ð·,1.9m,1.9m,370.7k,1.3k,1.4k
chadio,chad epps ðŸ¦’,6.9m,1.5m,240.4k,3.6k,1.7k
rachyohumlek,à¸£à¸±à¸Šà¹‚à¸¢à¸•à¸±à¸§à¸›à¸¥à¸­à¸¡à¸™à¸­à¸à¸™à¸±à¹‰à¸™à¸ˆà¸£à¸´à¸‡à¸«à¸¡à¸”,1.6m,4.1m,349.7k,951,397
aiki_kr,ì•„ì´í‚¤ aiki,1.8m,1.7m,363.2k,2k,1.1k
itsmenicksmithy,nick smithyman ðŸ¤“,6.4m,1.5m,265k,3.1k,1.9k
alexiatamiraa,ðŸ“alexia tamiraðŸ“,7.5m,2.3m,312k,2.2k,479
v1ctoryuh3.0,sexy lady,1.6m,1.6m,303.1k,1.7k,2.2k
taavmaki,taav,686.9k,1.3m,217.2k,2.7k,4k
esnyrdump,esnyrdump,603.8k,1.8m,271.6k,2.2k,1.9k
andersonprofetaa,anderson profeta,2.5m,1.2m,151.7k,2.2k,8.2k
jason.nms,jayway,652.6k,1.5m,254.9k,2.4k,2.5k
cassholland,cassie holland,1.5m,2m,381.9k,1.5k,917
pokrov,Ð°Ð½Ñ Ð¿Ð¾ÐºÑ€Ð¾Ð²ðŸ¥‘,16.3m,2.2m,287.6k,2.1k,895
rhyadmuslim,rhyad â˜ï¸,344k,1m,222.2k,2.4k,5.8k
bretmanrock,bretmanrock,14m,2.6m,361.8k,1.5k,492
alvesdudas,mariÃª,855.7k,1.4m,349.9k,2.1k,1.8k
monika.kociolek,monika kocioÅ‚ek,2.6m,1.2m,196.8k,6.6k,1.3k
sanae33359,san ae,1.7m,2.7m,224.1k,1.2k,1.9k
iben_ma,iben m.a.,5.6m,2.5m,191.8k,3.5k,455
fes.ti_,festi,1.2m,1.2m,264.1k,3.6k,2.3k
imanthonyvargas,anthony vargas,6.5m,1.9m,341.4k,2.6k,268
wicsur,â™¥ï¸Ð±Ð¸ÑÐºÐ°Ñâ™¥ï¸,7m,1.6m,126.5k,8.9k,248
sxmplyni,simply niðŸŒ±,1.6m,2.6m,248.8k,1.4k,1.4k
itsqcp,qcp,9.4m,2.5m,371.3k,1.1k,888
ssanwhere,hassan,369.4k,1.3m,237.8k,3.1k,3.1k
lizzebethmuaa,lizzebethmuaa,3.6m,3.6m,357.1k,721,705
crispy,crispy concords,1.2m,2.9m,400k,986,593
blythe,andrea brillantes,17.3m,2.3m,382.5k,1.2k,960
kmiloop,kmilooo,796.9k,1.2m,228.2k,1.3k,5.6k
ilhamputrayuda,ilham yuda,1.6m,2.8m,326.3k,1.2k,814
anyaischuk,anya ischuk,10.5m,2.7m,317.2k,1.8k,341
diegodiego_,diego cruz,7.2m,2.1m,258.5k,1.8k,1.6k
winnermaxyt,winnermax,1.8m,2.5m,220.2k,968,2.3k
rafaelsantos,rafael santos,16.7m,1.8m,289.7k,2.7k,736
lkzinhu,lk,14.3m,2.4m,346.9k,1.2k,998
mercuri_88,manuel mercuri,19m,2.7m,238.7k,1.6k,1.2k
saxcy,saxcy,747.2k,2.6m,271.5k,1.3k,1.3k
mdmotivator,zachery dereniowski,6.2m,2.5m,357.1k,1.4k,599
c.tangana,c. tangana,372.1k,4.4m,200.3k,735,1.3k
nuhchez,nuhchez,5.7m,1.7m,248.5k,2k,2.2k
mieayamthebstt,unaaðŸœ,13m,2.4m,264.7k,2k,827
ayutingting,ayu ting ting,5.8m,2.4m,176.4k,2.1k,2.1k
yailinlamasviraloficial_,yailin la mÃ¡s viral,2.8m,2.5m,210k,3k,365
sehataqua,sehataqua,249.3k,23.3m,67.4k,647,467
jordanemel,jordan e mel,8.7m,2.4m,183.6k,1k,3k
gingerbilly1,gingerbilly1,5.7m,1.1m,163.7k,954,8.7k
samkamusic,instasamka,12.4m,1.8m,227.9k,2.7k,1.5k
jaxwritessongs,jax,8.3m,1.9m,220.1k,2.8k,1.5k
sthefane.matos,sthefane matos,5.1m,3.2m,261.7k,1.4k,603
son0_0,ì†ìƒˆë²½,2.7m,3.9m,216.8k,1.5k,514
flickerspark_,flickerspark_,1.2m,1.7m,446.7k,1.2k,1.1k
kostyxd,sergi cabrer,2.1m,2.1m,290.9k,1.7k,1.1k
mahalinzi,mahalini raharja,655.5k,2.7m,251.9k,1.6k,917
jesusangelperezoficial,ðŸš¨ ese pÃ©rez ðŸš¨,3.5m,1.7m,186.5k,898,4.6k
tarankaaa,dasha taran,8m,1.7m,283.4k,2.4k,1k
its.michhh,michel chavez,28.6m,2.2m,340.4k,1.9k,369
aileenchristineee,aileenchristineee,5.6m,1.7m,310k,1.1k,2.1k
mads.yo,madison,12.7m,3.1m,322.9k,954,710
itstalasafwan,ØªØ§Ù„Ø§ ØµÙÙˆØ§Ù† | tala safwanðŸŒµðŸ‘¸ðŸ½,3.7m,2.1m,138.2k,5.2k,502
karenos11,ðŠðšð«ðžð§ ðŽð¬,6.1m,2m,367.2k,2k,242
jojohfsex,fullhyp3,1.6m,1.4m,262.1k,2.7k,1.8k
nansartt,nansartt,1.3m,2.1m,422.7k,1.4k,456
aviranisha,avira nisha,3.6m,2.5m,310.6k,1.8k,344
03emergenxy,meyes not mayes,432.5k,3.4m,215.9k,1.7k,561
nuun____,nuun ðŸ‚,271.8k,651.6k,118.1k,1.5k,20k
iloveyourmomscatt,nan,8.2k,1.3m,159.3k,4.9k,3.3k
thongsoaicavip,thÃ´ng soÃ¡i ca,1.6m,2.7m,172k,2.6k,971
ivanantoniochacon,tik toker,7.2m,1.3m,461.6k,1.9k,806
jhekhoos,jecus andrei,3.8m,1.9m,235.9k,1.3k,2.4k
kimpeeee,kim lajara,5.8m,3.4m,298.5k,507,1.1k
birdsarentreal,birds arenâ€™t real,852.8k,1.5m,263.5k,2.4k,1.8k
markoterzo,m a r k o,2.5m,1.8m,168.7k,4.2k,1.2k
nnatalieaguilar,natalie & the aguilars,4.2m,2.8m,373.6k,702,845
halinhofficial,ha linh official,1m,2.6m,187.3k,2.8k,604
sosiadoneymar,eigon oliver,6m,2.5m,179.9k,1.8k,1.8k
saadradio,saad,1.7m,3.4m,260.2k,1.2k,670
leleburnier,lelÃª burnier,1.4m,1.4m,326k,2.7k,958
thelandofboggs,the land of boggs,5.2m,2.6m,367.7k,857,829
yuna1_27,ðŸšyuna_ìœ ë‚˜ðŸ¤,2.2m,1.6m,291k,1.4k,2k
abaas_majid_,Ø¹Ø¨Ø§Ø³ Ù…Ø§Ø¬Ø¯,2m,2.1m,206.9k,2.2k,1.5k
muhammetalisarii,muhammet ali sarÄ±,264.1k,2.9m,128.4k,1.4k,3k
theluciole,luciole,955k,1.7m,395.2k,2k,428
dafaatmja,dafaatmja,9.9m,2m,162.6k,4.1k,856
pushistyk,vl,13.3k,1.9m,272.2k,1.6k,1.6k
juliano,julianofloss,6.7m,2.1m,306.7k,1.6k,851
nicholas_crown,nicholas crown,1.6m,2.9m,490.5k,863,262
oipedrodaher,pedro daher,3.1m,1.1m,206.6k,1.8k,5.1k
jimena.jimenezr,jimena,22.8m,1.7m,311.7k,1k,2k
mellacarli,mella carli,1.7m,1.4m,220.5k,2.1k,3k
viktoriya__bars,viktoriya bars,139.7k,1.3m,56.6k,2.2k,19.4k
missmarymmouser,missmarymmouser,2.9m,1.9m,255.5k,2.7k,570
coleandersonj,cole anderson james,1.5m,1.6m,280.5k,1.2k,2.3k
pumbacaracal,pumbacaracal,3.5m,2.1m,130.9k,3.3k,2.6k
the_green_car,the green car,168.8k,4.3m,339.8k,662,417
providingforthecommunity,russel cameron,313.6k,1.6m,114.6k,5.5k,3.4k
hannahstocking,hannah stocking,25.9m,3m,338.4k,967,582
pk.99999,phukla,1.2m,1.5m,288.2k,1.7k,1.9k
lilchefmil,milan bhayana,861.1k,3m,501.1k,678,367
jeremylynch,jeremylynch,18.6m,1.7m,248k,2.6k,1.2k
ph1lzatiktok,ph1lza,2.2m,980.5k,309.2k,4k,1.1k
jack_papho69,à¹à¸ˆà¹‡à¸ à¹à¸›à¸›à¹‚à¸®,6.3m,2.8m,344.1k,766,862
cesarpantoja.n,cesar pantoja,12.4m,2m,305.4k,2.2k,317
yajanaaa,yajana cano,5m,1.5m,255.3k,767,3.3k
dilaraaduman,dilara duman,1.9m,3.4m,175.8k,653,2k
justinbieber,justin bieber,23.6m,1.7m,197.5k,3.2k,1.4k
lukedonkin,luke donkin,2.3m,1.5m,199k,2.9k,2.3k
alexxxxan,ÐºÐ¾Ñ‚Ð¸Ðº,1.7m,1.7m,307.5k,831,2.1k
monsieurpof,monsieur pof,2.8m,1.7m,340.6k,1.8k,938
dennnyn,denii,3.3m,1m,136.4k,773,10.5k
lauratheux,laura theux,208.3k,3.5m,234.7k,846,1k
com.hyuga1117,ã€ã‚³ãƒ ãƒ‰ãƒƒãƒˆã€‘ ã²ã‚…ã†ãŒ,995.5k,1.2m,199.8k,4.9k,1.5k
robegrill,roberto morales,10.2m,1.9m,209.5k,1.1k,2.7k
emoglam,ÐµÐ¼Ð¾glaÐ¼,1.5m,2.7m,307.3k,1k,806
luvtheflex,taryn,1.4m,1.9m,156.9k,3.8k,1.3k
jombospice,jombospice,7.2m,2.5m,239.8k,1.9k,617
rusuh_brooo,rusuh brooo,27.5k,840.6k,150.8k,1.5k,10.4k
shandyjuragan99,shandyjuragan99,1.1m,3m,183.5k,1.9k,869
pjmxck,ð‚ð¡ð¢ð¤ðšâ·,1m,738.7k,263.2k,2.7k,5k
kamashrafi,kamran,48.2k,1.2m,231.6k,2.6k,2.8k
najihmumtaz,najih mumtaz945,682.3k,1.6m,93.9k,4.5k,5.5k
chelseahartisme,chelsea hart,1.5m,3.5m,138.9k,0,3.1k
gheayoubi08,gheayoubi,7.9m,3.2m,171.1k,1.2k,1.6k
annaxsitar,anna x,11.6m,3m,461.2k,723,381
y.i.m_,Ð¾Ñ‚Ð±Ð¾Ñ€Ð½Ñ‹Ð¹ ÑŽÐ¼Ð¾Ñ€ Ð¸ ÐºÐ¾Ð¼ÐµÐ´Ð¸Ñ ðŸŽ­,177.5k,1.4m,121.3k,1.2k,7.7k
matsu_kusarine,ãƒ©ãƒ–ãƒžãƒ„ (lovematsu),563.9k,2.9m,186.4k,1.8k,1k
beinsports,beinsports,1.2m,1.7m,213.8k,2.2k,1.9k
_mister_z,marco zedda,4.5m,1.6m,272.2k,2.4k,995
.shuberrr,Ð¼Ð°ÐºÑÐ¾Ð½Ñ‡Ð¸q,5.8k,2m,152.7k,2.1k,2.8k
maharanikemala,maharanikemala,3.2m,2.5m,156.2k,1.8k,2k
analisseworld,analisseworld,9.9m,2.1m,328.9k,967,1.2k
jairsanchezzz,jair sanchez,6.2m,1.3m,226.9k,1.8k,3.5k
machikayt,machikayt,12m,1.9m,291.1k,2.2k,558
michaelrendyw,michael rendy w,4.6m,3.9m,293.6k,740,558
dobretwins,lucas and marcus,35.2m,1.8m,221.4k,3.3k,498
swagboyq,swagboyq on ig,23.4m,3m,216.6k,1.4k,858
xoomid,xoomid,8.2k,1.1m,135.3k,4.2k,5.7k
_nch04,ðð ð®ð²ðžÌ‚Ìƒð§ ð‡ðšÌ‰ð¢,4.8m,2.5m,209.1k,1.4k,1.4k
davidgalvanv,david galvÃ¡n,3.9m,2.6m,244.2k,1.5k,807
usernamepuntaktahu,ceo of sekolah,587.7k,2.2m,293.3k,1.7k,595
primkung007,primkung,2.1m,1.4m,259.9k,3.5k,575
isabelgiannuzzi,isabel,1.1m,3.5m,298.1k,1.2k,187
baileyspinn,bailey,11.1m,2.3m,296.1k,2k,137
summerwalker,summer walker,1.6m,1.1m,199.2k,3.3k,3.3k
huynh_quang_6767,huá»³nh quang - báº£o ngá»c,457.6k,2.1m,185.6k,3.4k,337
bs_fo4eek,fo4eek,36.9k,1.9m,158.8k,2.6k,2.1k
carloandsarah,nan,3.3m,2.4m,188.4k,1.2k,1.9k
nadaakkhaledd,nada khaled,2.7m,2.1m,275.9k,1.3k,1.1k
ups,ups,92.6k,1.2m,136.7k,2.2k,6.3k
ninja,ninja,8.3m,2.3m,216.2k,1.6k,1.4k
attahalilintar,atta halilintar,10.1m,2.6m,288.9k,1.3k,661
nam.per,nam per,1.6m,2.5m,225k,1.5k,987
leal_stephany,stephany leal,13.1m,1.7m,351.2k,738,1.6k
lucaslopezvilet,lucas lopez,2.4m,1.3m,191.4k,1.3k,4.5k
vlad.hoshin,hoshin,11.4m,1.1m,250.8k,4.1k,1k
kauanahofem,kau,7m,1.8m,262.9k,1.8k,1.2k
xolyssarosexo,lyssa,60.1k,1.6m,92.6k,8.7k,1.1k
joe.bartolozzi,joe bartolozzi,17.8m,1.5m,296.7k,2.8k,376
maxkhadarr,max khadar,1.3m,1.1m,197.6k,3k,3.4k
jacksonaces,jackson aces magicðŸŽ©,6.2m,1.5m,93k,3k,6.9k
ninjagirldraws,dania,3.6m,1.7m,147.1k,2k,3.5k
trien.13,triá»ƒn chill,491.4k,1.3m,177.1k,3.9k,2.1k
connordewolfe,connor dewolfe,5.3m,1.1m,276k,1.5k,3k
loupernaut,lou pernaut,1.3m,2.4m,280.7k,1.8k,198
bxyeditss,[panyo ni irene],419.4k,1.1m,202.5k,2.8k,3.4k
totochegang,anto,1.4m,1.4m,275.4k,1.4k,2.3k
luciiasanese,lu,30.1k,1.2m,186.9k,2.7k,3.6k
nickandcarrie,nick&carrie,5.6m,1.9m,290.5k,1k,1.5k
juanchimy,juan lopez,2.7m,1.4m,325.1k,1.7k,1.3k
bene.schulz,bene,5.7m,2m,254.6k,1.6k,1.1k
com.amugiri2,ã€ã‚³ãƒ ãƒ‰ãƒƒãƒˆã€‘ã‚ã‚€ãŽã‚Š,712.3k,1.3m,200.1k,3.8k,1.4k
goldwin.reyes,goldwin reyes,1.5m,2.5m,335.3k,964,659
lulu_pt,lulu,299.6k,1.9m,223.9k,921,2.2k
itskingchris,kingchristian,15.3m,1.4m,258.6k,2.2k,1.7k
fahmi.nm,fahmi,7.6m,2.2m,237.4k,1.8k,748
farhanrn__,farhan,3.8m,1.7m,281.9k,1.8k,1k
liltjay,lil tjay,4.4m,1.8m,221.2k,2.7k,775
vilmeijuga,vilmeiâœ¨,8.4m,1.7m,169.2k,3.5k,1.1k
faryanggaa,ryann,4.4m,1.7m,272.2k,1.9k,1k
gordeewa__13,Ð²ÐµÑ‡Ð½Ð¾ Ð¸Ð·ÑÑ‰Ð½Ð°Ñ,9.5m,2.6m,214.5k,1.8k,604
fadiljaidi,fadil jaidi,7.5m,2.5m,351.6k,967,543
darianrojasc,d a r i a nr o j a s,29.4m,3.1m,445k,575,385
ibaillanos,ibai,8.9m,1.5m,260.5k,1.3k,2k
tsezy,tommy,4.8m,2m,253.5k,1.9k,735
linhkool1993,linh kool,4.5m,3.3m,330.3k,954,256
rayanfahmi,rayoon,3.2m,2.2m,192k,2.1k,1.1k
unnecessaryinventions,unnecessaryinvention,4.6m,2.2m,194.6k,2k,1.1k
basementgang,basement gang,5m,1.4m,275.2k,1.4k,2.1k
bessan_esmail,Ø¨ÙŠØ³Ø§Ù† Ø§Ø³Ù…Ø§Ø¹ÙŠÙ„ - bessan ismail,10.1m,1.8m,132.1k,4.2k,1.4k
com.yuma1214,ã€ã‚³ãƒ ãƒ‰ãƒƒãƒˆã€‘ã‚†ã†ã¾,812.7k,1.3m,188.3k,3.9k,1.4k
anggun_core,anggunâœ¨,14.8m,3.6m,178k,1.3k,697
xibibrothers,xibi brothers,7.6m,1.8m,246.5k,888,2k
moni_lina,monilina,14.5m,7.7m,128.1k,367,942
avani,avani,40.4m,1.8m,237.6k,2.1k,874
haijoel,haijoel,409.5k,2.8m,167.7k,2.5k,279
samanthayve,samantha eve,5.8m,1.3m,205.4k,3.4k,1.4k
hoaa.hanassii,Ä‘Ã o lÃª phÆ°Æ¡ng hoa,10.8m,1.6m,255.3k,2.4k,695
ryanbakery,ð™ð™®ð™–ð™£ð˜½ð™–ð™ ð™šð™§ð™®,1.1m,1.6m,171.3k,2.4k,2.4k
djprecise,dj precise,3.4m,1.7m,186.4k,3.1k,897
jeffreestar,jeffree star,2.2m,2.1m,208.4k,2k,872
christiandaloii_,christiandaloii_,2.9m,1.5m,197.4k,2.5k,1.9k
abdullah_eltourky,eltourky ðŸ‘‘,6.7m,2m,235.7k,1.2k,1.4k
oironyoliveira,kbuloso ðŸ˜ˆ,5.9m,1.3m,87.3k,490,10.9k
lana_mohd89,ð‘³ð‘¨ð‘µð‘¨ ðŸ¦‹,4.4m,2.1m,161.7k,2.4k,1.2k
lyrico__,ÊŸÊÊ€Éªá´„á´,2.9m,1.1m,105.6k,1.1k,10.1k
beasteater,beasteater,18m,2.7m,248.4k,1.7k,208
nick.digiovanni,nick.digiovanni,8.6m,2.1m,295.3k,1.2k,778
milosramen,jacobðŸ‡­ðŸ‡³,1.3m,2.2m,272.9k,1.4k,665
steveharvey,steve harvey,9.2m,1.8m,176.8k,1.7k,2.4k
ngoanhtan1,báº¡n táº¥n chÃºa tá»ƒ ná»—i buá»“n,777.6k,1.6m,153.1k,2.7k,2.4k
gemelasabello2,gemelasabello2,13.2m,2.6m,293.2k,693,950
creatorar,arpostt,624.1k,1.7m,141.3k,733,4.4k
vanrezaputra,elaina,320.1k,1.9m,163.3k,2.3k,1.8k
bestluxurycars,bestluxurycars,3k,769.5k,136.9k,1.4k,10.2k
johaanzu,johaanzu,3.6m,1.7m,320.2k,1.6k,716
nelyrall,nelyrall,4.6m,1.1m,214.5k,1.9k,3.5k
leigh_mcnasty,leigh mcclendon,2.8m,1m,157k,1.3k,6.1k
xo4y_remont56,user4538340664186,82.9k,2.7m,67.4k,589,6k
sofarsabi,sofarsabi,5.5m,2.1m,208.4k,2.2k,584
cerolzera,cerol,4.1m,1.7m,180.4k,2.7k,1.3k
animalize21,animalize21ðŸ”¥,10.3m,2m,248.1k,1.4k,1k
itspierreboo,pierre,12.5m,1.9m,278.3k,1.6k,753
lorengray,loren gray,54.3m,1.8m,248.4k,1.5k,1.2k
football.tonight,football.tonight,391.5k,2m,152.2k,2.3k,1.6k
danielmidas,danielmidas,281.8k,1.4m,119.1k,1.6k,5.5k
laila_mahmoud62,Ù„ÙŠÙ„ÙŠ Ù…Ø­Ù…ÙˆØ¯ â™¥ï¸,3m,3.4m,204.7k,772,931
quintongriggs,q u i n t o n,6.4m,1.4m,169.8k,3.3k,1.7k
erictro,eric tro,2.2m,3.7m,358.8k,453,438
doongool,ðŸ”¥dongolðŸ”¥,3.1m,2.2m,255k,1.1k,1k
madozilla,mad,5.7m,888.9k,194.4k,3.9k,2.9k
anxietycouple,anxiety couple,10.7m,2.6m,274.9k,765,886
nildachiaraviglio,nildachiaraviglio,798.9k,1.3m,117.9k,723,7k
haccon.01,ð‡ðšÌ£ðœ ð‚ð¨ð§ðŸ¦©,325.1k,1.9m,157.8k,3.6k,314
fukada0318,æ·±ç”°ãˆã„ã¿,4.6m,2m,150.8k,2.6k,1.3k
ahmedbasyoni,ahmed basyoni,1.2m,1.7m,125.9k,2.4k,3k
sinadeinert,sinadeinert,5.5m,967.7k,207.5k,4.6k,1.2k
austinandlexi,âš¡ï¸austin & lexi ðŸ’¥,3.2m,1.3m,253.3k,1.5k,2k
jayrscottyy,jordan scott,2.3m,900.6k,173.1k,3.7k,3.7k
manja_faiez,manja,593.1k,1.5m,128k,2.2k,3.8k
moontellthat,moontellthat,13.1m,2.3m,156.9k,1.7k,1.6k
baraa.bolat,@baraabolat,1.6m,2.3m,143.9k,2.5k,959
yurika_aruno,danoneðŸ’•,2.8m,1.3m,209.9k,2.9k,1.3k
360tv,arisha ross,9.9m,2m,162k,3k,461
its.__yara,its._yara,749.5k,1.1m,65.4k,7.3k,8.6k
ava_love33,ava love,2.7m,1.5m,299.5k,2.1k,471
mohaimen.alaa,Ù…Ù‡ÙŠÙ…Ù† Ø¹Ù„Ø§Ø¡,2.9m,1.2m,190.4k,3.5k,1.5k
officialsalicerose,salice rose,18.6m,1.1m,201.3k,1.8k,3.4k
hisoyvaleria,âž–v a l e r i a âž–,6.2m,2.7m,354.7k,803,380
saaihalilintar,saaih halilintar,4.3m,3m,272.4k,893,492
pierson,pierson,12.5m,2m,287k,1.7k,306
mursid241,mursid,2.2m,2.4m,179.1k,2.3k,416
stayc_official,stayc,1.3m,1.6m,181.1k,2.9k,1k
liamsilk,liam silk,6.9m,890.6k,249.6k,2.6k,2.5k
deangerald,ð•¯ð–Šð–†ð–“,382k,1.3m,193.9k,607,3.8k
polya_tuti,Ð¿Ð¾Ð»Ñ Ñ‚ÑƒÑ‚ðŸ”¥ðŸ‘‡,2.3m,3.1m,250.6k,711,730
trevorwallace,trevor wallace,7.3m,1.5m,208.7k,759,2.8k
jarvali,jarvis,2.2m,1.2m,251.7k,2.1k,1.6k
gertieinar,gerti & megi,2.5m,4m,162.3k,904,835
_angelomarasigan,angelo,484k,1.4m,206.7k,2.1k,1.8k
lupinelakes,lupine,81.4k,1.9m,376.2k,781,811
jauncydev,jonny devaney,1.5m,1.1m,172k,1.3k,4.6k
ivoryowl,makayla,1.1m,1.4m,238k,1.8k,1.5k
joshrichards,josh richards,25.6m,2.2m,297.8k,991,691
haga7_dayo,haga seven/ no warðŸ•Š,1.7m,2.8m,120.9k,914,2.3k
itsmenicksmithy2,nick smithyman ðŸ˜Ž,9.8m,1.6m,217k,1.9k,1.4k
so_andreyy,so_andrey,541.1k,2.2m,111.8k,537,4k
la.maraaa,la mara,6.1m,959.7k,213.9k,5.1k,277
paulorgds,pauloðŸŒ»,375.9k,1.4m,224.9k,1.3k,2.2k
murphslife,aaron murphy,4.7m,1.5m,173.4k,1.4k,2.8k
okthatscreepy,okthatâ€™screepy,366.8k,3.1m,144.3k,1.2k,1.3k
dylanpage.ning,dylan page,2.5m,1.2m,196.9k,2.8k,1.9k
fabiola.baglieri,ð¹ð‘Žð‘ð‘–ð‘œð‘™ð‘Ž,11.6m,2.4m,288.7k,1.3k,294
tnt_500,à¸—à¸²à¸ˆà¸´à¸¡à¸²à¸™à¸° à¹€à¸£à¸µà¸¢à¸§,24.1k,1.7m,236.5k,1.2k,1.6k
rawanfahmii,rawan,3.4m,1.8m,189.7k,1.7k,1.5k
bigcheese8581,matt â€œbig cheeseâ€,7.6k,1.3m,187.3k,581,4k
demin02_,Ð½Ð¸ÐºÐ¸Ñ‚Ð°,1m,1.4m,223.4k,1.9k,1.6k
charlyokei,charlyy,3.7m,2.4m,300.1k,914,583
pollyjaewebster,polly-jae,158.4k,1.6m,188.8k,2.2k,1.4k
leventgeiger,levent geiger,3.1m,1.2m,165.5k,2.6k,2.9k
floofnoodles,floofnoodles,17m,1.3m,154k,1.8k,3.8k
stwartabdala,â€¢  r a t o n c i t o ðŸ§€ðŸ,538.8k,932.6k,79.2k,905,13.6k
com.yuta0305,ã€ã‚³ãƒ ãƒ‰ãƒƒãƒˆã€‘ã‚†ã†ãŸ,1m,949.1k,179.7k,4.3k,2k
kxmzzzy,kxmz,370.1k,2m,218.3k,999,1.4k
faulox_,faulox,6.8m,1.7m,172.4k,2.7k,1k
yourrkayesss,kayess,4.8m,1.1m,169k,3.2k,2.8k
oliviaalpert,olivia alpert,52.7k,2.6m,139.1k,1.9k,996
brodywellmaker,brody wellmaker,20.3m,1.8m,229.8k,1.3k,1.3k
ranierao,rani,18.1k,929.9k,251.6k,2.6k,1.9k
antrobo10,anthony,545k,850.4k,128.1k,2.3k,7.2k
therealmaneskin,mÃ¥neskin,5.4m,1.1m,214k,2.9k,1.5k
gustavomeloof,gustavo melo,4.6m,1.2m,86.8k,1.3k,8.6k
samsamne0,sam samm,709.4k,2.1m,187.7k,1.8k,893
bassant33,ðŸ”¥bassantofficialðŸ”¥,4.5m,2.7m,162.2k,1.6k,793
aichangemoy_,yt : aichan tv,6.6m,1.7m,191.2k,2.5k,680
jaytorresss,jay torres,3.8m,1.8m,242.7k,844,1.6k
xvusex,t,21.1k,951.6k,199.1k,1.3k,4.1k
sibenitoo,sibenitoo,4.7m,2.2m,140k,1.7k,1.7k
jumpersjump,jumpers jump podcast,6.4m,2.1m,220.1k,1.7k,486
williesalim,willie salim,8.3m,1.9m,148.2k,2.9k,713
itsari.aleise,arianna hailey,11.8m,1.7m,322.8k,1.6k,359
arilbjn,mochamad,51.3k,1.3m,221.9k,955,2.7k
camxnie,cam & nie,3.2m,1.4m,173.9k,544,3.7k
cristobalsoria,cristÃ³bal soria,572k,1.2m,120.2k,4.4k,2.7k
japeth023,japeth023,557.9k,1.5m,194.2k,1.6k,1.9k
venao2323,yanfry el tiernoðŸ™ˆ,4.2m,1.5m,166.6k,1k,3k
kuki_yt,kuki_youtube,1.8m,1.5m,315.7k,1.3k,774
ozikoy,koy,6.9m,2.2m,186.4k,1.2k,1.3k
swaghoe666,tik toker,1.4m,2.1m,306.5k,1.1k,501
robsonabreu,robson abreu,3.2m,1.4m,82k,8.3k,470
juliagisella,julia gisella,10.2m,784.4k,186.9k,3.1k,3.7k
andreslleal,andrÃ©s leal,2.8m,1.7m,91.6k,3.7k,2.9k
gabryellurlan,gabryell urlan,6.8m,1.4m,221.9k,1.2k,2.1k
kagramanana,kagramana,6.2m,1.2m,184.1k,1k,3.5k
yizaroff,yizaro,4m,1.4m,225.1k,2.6k,611
adamw,adam w,15.7m,1.8m,179.5k,1.1k,1.9k
xoteam,xo team,32.1m,2.1m,222.9k,1.6k,481
saydenseay,sayden,3.3m,938.9k,257.3k,1.6k,2.5k
justthenobodys,justthenobodys,7.1m,1.4m,175.8k,2.2k,1.8k
snerixx,sam erix,8m,1.9m,369.2k,1k,361
valenrewah,valent,7.5m,2.4m,272.6k,929,605
cheekyboyos,the cheeky boyos,10.9m,1.8m,252.8k,1.3k,867
cokodive,cokodive,188.5k,871.1k,172.5k,2.8k,3.7k
_tusya_kiskis,_tusya_kiskis,6.7m,1.4m,161.2k,1.5k,2.8k
danaandthewolf,danaandthewolf,187.3k,2.5m,252.5k,824,712
pakoyaso_,pakoyaso,9.5m,1.8m,216.1k,1.2k,1.4k
zhenyalavrik,Ð¿ÐµÑ€ÐµÐµÐ·Ð´ Ð² Ñ‚ÑƒÑ€Ñ†Ð¸ÑŽ ðŸ‡¹ðŸ‡·,364.5k,3.2m,69.4k,1.8k,2.6k
teukuryantr,teukuryantr,3.1m,1.7m,236.8k,1.3k,1.1k
jamescharles,james charles,36.1m,1.7m,191.6k,2.2k,752
zhenyalavrik,Ð¿ÐµÑ€ÐµÐµÐ·Ð´ Ð² Ñ‚ÑƒÑ€Ñ†Ð¸ÑŽ ðŸ‡¹ðŸ‡·,364.5k,3.2m,69.4k,1.8k,2.6k
teukuryantr,teukuryantr,3.1m,1.7m,236.8k,1.3k,1.1k
jamescharles,james charles,36.1m,1.7m,191.6k,2.2k,752
cardncyn,carddd,1.5m,2.5m,271.1k,791,623
mariahandbill,mariah and bill áƒ¦,13.9m,2.7m,217.8k,1.2k,462
jamal.jamael,karim jamal,2.6m,1.4m,203.4k,2.4k,991
nastasyashinee,ðŸ‡®ðŸ‡© bagus istri ðŸ‡®ðŸ‡©,4.9m,2.5m,154.5k,1.6k,880
riska_nurwidia,riska nur widia,2.6m,2.5m,276.8k,623,755
ermo1enko,ðŸ–¤Ñ‚Ð²Ð¾Ñ Ð²ÐµÑ‡ÐµÑ€Ð¸Ð½ÐºÐ°ðŸ–¤,1.7m,1.7m,326.3k,870,849
mackenzieziegler,mackenzie ziegler,22.1m,2.1m,325.5k,1k,380
yarenalaca,yaren alaca,5.4m,1.6m,119.2k,4.6k,513
gabrielvalland,gabriel valland,958.2k,1.1m,257.9k,1.7k,1.7k
judiitharias,judith & Ã¡ngel ðŸ™‹ðŸ»â€â™€ï¸ðŸ™‹ðŸ½â€â™‚ï¸,15.7m,3.1m,302k,763,249
adamrayokay,adamray,6.8m,1.9m,217.6k,1.7k,629
ethob0t,ethobot,534.2k,2.4m,203.1k,1.3k,668
soylapizito,lapizito,13.3m,2.1m,277.2k,1.2k,442
fadeewa_makeup,Ñ„Ð°Ð´ÐµÐµÐ²Ð°ðŸ¦ž,760.2k,1.3m,113.2k,1.7k,4.6k
rosssmith,ross smith,21.8m,1.4m,263.3k,814,1.7k
bentleybuilds,bentley bastian,72k,3.1m,77.6k,826,3.1k
edwinmendozza,ð–Šð–‰ð–œð–Žð–“,14.2m,1.8m,393.6k,1k,349
cocielo,jÃºlio cocielo,4.3m,1.3m,204.6k,1.5k,2k
riqqo_,riqqo_,66k,2.9m,170.3k,1.5k,361
lgndfrvr,lgndfrvr,15.8m,1.9m,241.3k,670,1.3k
jajad5,jajad5,630.8k,982.4k,263.8k,2.1k,1.5k
cocinaconcoqui,cocinaconcoqui,2m,1.4m,278.3k,628,1.7k
rucenuenda1,ruce nuenda,1.1m,1.6m,280.9k,1.5k,589
thaotaotau,phÆ°Æ¡ng tháº£o,5.1m,2.5m,267.9k,1.2k,237
brycehall,bryce hall,21.3m,2.4m,283.2k,901,476
just_dt,dt,8.9m,1.1m,198.6k,1.8k,2.5k
seleterr,seleterr,27.1k,1.5m,180.5k,807,2.5k
teamsport_philipp,teamsport_philipp,23.2k,957.2k,140.4k,2.1k,4.6k
arananadam38,okan taÅŸdemir,175.1k,2m,60k,967,6.6k
mngnzls,mona,13m,2.6m,191.1k,1.5k,310
niico_pr,Ð¼Ð¸ÑˆÐ°,1.1m,1.4m,197.7k,1.9k,1.3k
keemokazi,keemokazi,26m,2.1m,256k,1.4k,293
vivi,vivi,10.3m,1.7m,224.7k,2k,412
german_crusader,stardust crusader,99k,902.5k,149k,1.6k,5.1k
whitehernandez,blanca hernÃ¡ndez,112.6k,1.4m,229.7k,1.4k,1.4k
shyazryne,aeiou,86.2k,2.9m,316k,595,373
rozhkova.olesya,roozhkova,850k,1.5m,197.2k,964,2.1k
mosqvin_,Ñ‚Ð° ÑÐ°Ð¼Ð°Ñ ÑƒÑ‡Ð¸Ð»ÐºÐ°â¤ï¸ðŸ”¥,2.6m,1.9m,348.5k,714,637
sepultacion,mari,6.4m,1.3m,301.4k,1.9k,404
kaansanity,aakaanksh,4.9m,1.1m,86.4k,569,8.8k
dizzlipin,dizzlipin,909.6k,1.9m,79.9k,5.5k,356
aldomirandar,ðŸ˜‚ aldo miranda ðŸ˜‚,8.4m,1.3m,212.7k,605,2.7k
nicolebernaal,nicolebernaal,4m,2.2m,351.3k,957,195
bellaretamosa,bella,5.1m,2.5m,340.4k,901,145
tunico80,ðŸŒ antonio tononðŸŒ ,5.8m,1m,206.8k,2k,2.1k
armon.warren,armoney,1.2m,1.9m,300.8k,904,630
soanhvadiephihi,soanh x diá»‡p ðŸ’Ž,1.6m,2.6m,273.2k,720,530
